,Employee ID,Special Date
0,61241,04/11/2022
1,29960,09/08/2015
2,635,10/09/1995
3,83569,09/26/2021
4,83485,09/13/2021
5,40448,08/13/2018
6,27649,10/08/2012
7,,03/04/1994
8,82551,04/12/2021
9,6758,05/26/1992
10,19151,03/31/2008
11,29361,04/20/2015
12,29962,09/08/2015
13,2219,01/27/1997
14,29964,09/08/2015
15,393,08/15/1994
16,3491,07/16/1990
17,65593,01/06/2018
18,28424,11/18/2013
19,1041,03/02/1998
20,41842,09/13/2021
21,1508,11/16/1992
22,76885,04/29/2019
23,4890,09/14/1998
24,85249,09/26/2022
25,29965,09/08/2015
26,21731,03/30/2009
27,79217,03/02/2020
28,30198,11/14/2015
29,29377,04/20/2015
30,32407,09/18/2017
31,13715,07/11/2005
32,86525,09/26/2022
33,85272,04/11/2022
34,76931,04/29/2019
35,1300,09/14/1998
36,4683,07/29/1996
37,7124,07/26/2004
38,1531,11/18/2002
39,68147,10/15/2018
40,82153,02/16/2021
41,21222,10/13/2008
42,84779,02/14/2022
43,53676,04/30/2018
44,30371,03/07/2016
45,86574,09/26/2022
46,31657,04/17/2017
47,65603,01/06/2018
48,29981,09/08/2015
49,3592,02/13/1995
50,1317,04/07/1986
51,2555,09/23/2002
52,40542,09/14/2020
53,1961,08/15/1994
54,67237,10/12/2010
55,82569,04/12/2021
56,5799,04/20/1998
57,19046,03/17/2008
58,5525,03/30/1998
59,82154,02/16/2021
60,18610,10/29/2007
61,21223,10/13/2008
62,79011,02/03/2020
63,17494,04/16/2002
64,82590,04/12/2021
65,82573,04/12/2021
66,29982,09/08/2015
67,5304,07/09/1990
68,67280,04/30/2018
69,6367,10/09/1995
70,82603,09/26/2022
71,86542,09/26/2022
72,86558,09/26/2022
73,86534,09/26/2022
74,79214,03/02/2020
75,29381,04/20/2015
76,78909,02/03/2020
77,4837,02/13/1995
78,6739,08/11/2003
79,4031,03/01/2001
80,4572,09/23/2002
81,7161,09/30/2004
82,32411,09/18/2017
83,7067,07/26/2004
84,5549,09/23/2002
85,76890,04/29/2019
86,6944,11/15/2004
87,83512,09/13/2021
88,78939,02/03/2020
89,116,02/13/1995
90,86549,09/26/2022
91,4169,09/23/2002
92,68491,02/04/2019
93,85153,04/11/2022
94,32182,07/22/2017
95,2609,06/17/1991
96,6958,07/26/2004
97,84809,02/14/2022
98,810,09/23/2002
99,86554,09/26/2022
100,29389,04/20/2015
101,505,11/05/2001
102,86501,09/26/2022
103,5427,02/13/1995
104,1637,04/23/2001
105,30051,09/08/2015
106,77983,09/16/2019
107,18917,01/28/2008
108,31670,04/17/2017
109,4898,08/11/2003
110,7103,11/15/2004
111,3975,08/15/1994
112,80229,09/14/2020
113,7160,07/26/2004
114,21228,10/13/2008
115,80231,09/14/2020
116,68088,10/15/2018
117,28231,06/17/2013
118,29095,11/03/2014
119,1595,03/02/1998
120,162,03/02/1998
121,4673,09/14/1998
122,1259,03/08/1993
123,83490,09/13/2021
124,7063,11/15/2004
125,79239,03/02/2020
126,82575,04/12/2021
127,25897,04/26/2010
128,1195,11/05/2003
129,7083,07/26/2004
130,28547,03/10/2014
131,3568,02/13/1995
132,3905,09/23/2002
133,7048,07/26/2004
134,82601,04/12/2021
135,29985,09/08/2015
136,4214,03/02/1998
137,6043,09/23/2002
138,102,03/30/1998
139,7009,07/26/2004
140,4998,09/23/2002
141,6060,06/20/2001
142,2887,04/23/2001
143,549,04/23/2001
144,29391,04/20/2015
145,5966,04/23/2001
146,67783,09/04/2018
147,1333,02/13/1995
148,78790,02/03/2020
149,85203,04/11/2022
150,21230,10/13/2008
151,29399,04/20/2015
152,6980,07/26/2004
153,5295,04/07/1986
154,2531,07/09/1990
155,86527,09/26/2022
156,79280,03/02/2020
157,2115,11/06/2000
158,4920,09/23/2002
159,19109,07/22/2008
160,86556,09/26/2022
161,83588,07/05/2022
162,86502,09/26/2022
163,84835,02/14/2022
164,5456,03/02/1998
165,879,09/14/1998
166,2113,05/26/1992
167,30378,03/07/2016
168,2124,11/16/1992
169,3652,10/09/1995
170,82150,02/16/2021
171,4685,08/15/1994
172,4028,08/11/2003
173,29987,09/08/2015
174,4435,09/23/2002
175,85256,04/11/2022
176,2157,02/13/1995
177,5812,11/16/1992
178,86553,09/26/2022
179,83487,09/13/2021
180,31681,04/17/2017
181,86596,09/26/2022
182,79225,03/02/2020
183,68260,11/26/2018
184,19083,04/20/2015
185,25610,10/12/2009
186,3424,09/23/2002
187,79220,03/02/2020
188,29402,04/20/2015
189,25898,04/26/2010
190,7065,11/15/2004
191,3941,11/16/1992
192,7062,11/15/2004
193,6710,03/18/1985
194,1444,09/26/1988
195,80181,09/14/2020
196,86515,09/26/2022
197,2252,04/22/1996
198,2802,09/14/1998
199,32443,09/18/2017
200,1396,09/14/1998
201,31658,04/17/2017
202,78865,02/03/2020
203,19152,03/31/2008
204,68523,02/04/2019
205,6159,09/23/2002
206,1523,09/23/2002
207,86520,09/26/2022
208,83278,09/26/2022
209,4836,01/07/1985
210,5508,02/13/1995
211,26990,08/29/2011
212,82250,02/16/2021
213,80184,09/14/2020
214,31130,11/29/2017
215,25900,04/20/2015
216,29988,09/08/2015
217,6387,08/01/1994
218,56183,10/15/2018
219,18857,04/29/2008
220,1969,09/14/1998
221,3639,08/15/1994
222,2782,10/09/1995
223,6585,11/05/2001
224,46642,04/30/2018
225,1472,07/29/1996
226,32447,09/18/2017
227,19085,03/31/2008
228,3143,03/02/1998
229,7051,11/15/2004
230,29990,06/01/2017
231,82572,04/12/2021
232,7104,07/26/2004
233,2225,09/22/1997
234,1292,04/11/1983
235,67288,04/30/2018
236,68127,10/15/2018
237,82607,04/12/2021
238,25596,10/12/2009
239,7053,07/26/2004
240,5795,12/11/1989
241,86458,09/26/2022
242,77989,09/16/2019
243,28234,06/17/2013
244,67472,06/11/2018
245,79245,03/02/2020
246,2127,03/12/1990
247,28194,06/17/2013
248,85707,06/06/2022
249,29992,09/08/2015
250,2921,09/23/2002
251,74663,03/02/2020
252,3303,03/25/1991
253,1008,03/02/1998
254,86480,09/26/2022
255,29995,09/08/2015
256,29409,04/20/2015
257,3458,02/13/1995
258,30341,01/07/2019
259,15633,03/05/2007
260,78810,11/18/2016
261,28196,02/20/2014
262,5288,06/14/1995
263,5462,05/13/1997
264,29412,04/20/2015
265,4593,04/03/1991
266,3430,08/11/2003
267,7140,07/26/2004
268,1958,01/20/1987
269,6652,04/23/2001
270,2926,08/11/2003
271,6685,10/09/1989
272,2722,04/03/1989
273,28197,06/17/2013
274,79222,10/03/2019
275,76900,04/29/2019
276,76895,04/29/2019
277,78792,02/03/2020
278,2181,07/29/1996
279,2170,10/09/1995
280,79254,03/02/2020
281,943,09/23/2002
282,76927,04/29/2019
283,46,05/20/1997
284,76918,04/29/2019
285,29997,09/08/2015
286,2285,09/23/2002
287,82583,04/12/2021
288,2566,07/06/1988
289,2859,03/30/1998
290,1639,04/23/2001
291,4610,09/14/1998
292,84804,02/14/2022
293,27950,07/01/2013
294,1536,07/29/1996
295,4929,03/02/1998
296,14567,07/10/2006
297,30282,07/05/2016
298,4913,08/11/2003
299,4152,02/13/1995
300,31676,04/17/2017
301,3969,09/14/2001
302,351,09/14/1998
303,30381,03/07/2016
304,5499,08/11/2003
305,5503,09/14/1998
306,86541,09/26/2022
307,31142,05/13/2017
308,3330,12/14/1998
309,84789,02/14/2022
310,80013,08/17/2020
311,524,08/11/2003
312,29415,04/20/2015
313,19088,03/31/2008
314,2156,10/26/1994
315,80173,09/14/2020
316,29417,04/20/2015
317,4775,09/14/1998
318,6965,11/22/2004
319,78803,02/03/2020
320,1608,11/17/1997
321,4904,09/23/2002
322,30003,09/08/2015
323,32158,07/10/2017
324,30384,08/15/2018
325,79248,03/02/2020
326,1288,02/09/1998
327,18622,10/29/2007
328,3609,11/08/1993
329,68126,10/15/2018
330,4955,02/27/1999
331,86521,09/26/2022
332,18623,10/29/2007
333,28199,06/17/2013
334,80234,09/14/2020
335,14569,07/10/2006
336,85140,04/11/2022
337,77980,09/16/2019
338,805,02/13/1995
339,30010,09/08/2015
340,29425,04/20/2015
341,86496,09/26/2022
342,4114,08/11/2003
343,1043,04/07/2003
344,49577,04/12/2021
345,4217,09/14/1998
346,77974,09/26/2019
347,21237,10/13/2008
348,7128,07/26/2004
349,18624,10/29/2007
350,78966,01/21/2020
351,2258,02/13/1995
352,3414,02/13/1995
353,21238,10/13/2008
354,31680,04/17/2017
355,2018,04/24/1989
356,79309,03/02/2020
357,2703,10/12/1998
358,84782,02/14/2022
359,2865,09/21/1998
360,68079,10/15/2018
361,412,11/05/2001
362,67456,09/26/2022
363,7026,07/26/2004
364,29433,04/20/2015
365,30014,09/08/2015
366,80233,09/14/2020
367,28200,06/17/2013
368,83537,09/13/2021
369,27110,06/16/2014
370,6674,11/05/2001
371,896,09/14/1998
372,242,12/01/1999
373,30389,03/07/2016
374,3207,11/18/1979
375,53697,02/16/2021
376,86569,09/26/2022
377,27657,10/08/2012
378,86548,09/26/2022
379,2680,04/24/1989
380,80186,09/14/2020
381,7461,04/20/2015
382,30022,09/08/2015
383,76921,04/29/2019
384,84787,02/14/2022
385,3126,09/14/1998
386,86503,09/26/2022
387,862,05/26/1992
388,4196,08/11/2003
389,78921,02/03/2020
390,85252,04/11/2022
391,82565,04/12/2021
392,5002,04/23/2001
393,7111,07/26/2004
394,1644,02/18/2004
395,67245,04/30/2018
396,67283,04/30/2018
397,86543,09/26/2022
398,3490,03/30/1998
399,85248,04/11/2022
400,85240,04/11/2022
401,28201,06/17/2013
402,6775,09/14/1998
403,1024,04/23/2001
404,5469,09/27/1994
405,193,07/09/1990
406,84786,02/14/2022
407,84627,01/18/2022
408,31054,09/19/2016
409,2719,09/14/1998
410,42534,09/26/2022
411,18627,10/29/2007
412,68085,10/15/2018
413,28202,06/17/2013
414,5925,04/22/1996
415,32412,09/18/2017
416,68118,10/15/2018
417,84705,01/31/2022
418,78799,02/03/2020
419,5859,08/15/1994
420,1965,04/07/1986
421,56041,09/14/2020
422,29435,04/20/2015
423,25902,04/26/2010
424,86571,09/26/2022
425,297,03/02/1998
426,78902,02/03/2020
427,15634,03/05/2007
428,79249,03/02/2020
429,6417,09/23/2002
430,3544,03/25/1991
431,80194,09/14/2020
432,18861,01/28/2008
433,2619,01/16/1996
434,82157,02/16/2021
435,473,09/14/1998
436,32440,02/16/2021
437,7037,07/26/2004
438,6550,04/23/2001
439,76898,04/29/2019
440,76884,04/29/2019
441,4087,08/26/1998
442,31133,05/02/2017
443,52,07/29/1996
444,4970,08/11/2003
445,82158,02/16/2021
446,30032,09/08/2015
447,19089,03/31/2008
448,19090,03/31/2008
449,82162,02/16/2021
450,67287,04/30/2018
451,29436,04/20/2015
452,30035,09/08/2015
453,83506,09/13/2021
454,6041,01/31/2000
455,2828,02/13/1995
456,82263,02/16/2021
457,76917,04/29/2019
458,86539,09/26/2022
459,29966,09/08/2015
460,6952,07/26/2004
461,5495,05/26/1992
462,2196,11/08/1993
463,586,03/02/1998
464,29439,04/20/2015
465,84773,02/14/2022
466,18862,01/28/2008
467,6134,08/11/2003
468,5504,03/17/2008
469,5189,04/24/1989
470,2718,04/23/2001
471,15636,03/05/2007
472,6311,09/23/2002
473,31144,10/17/2016
474,76911,04/29/2019
475,85169,04/11/2022
476,79304,03/02/2020
477,82261,02/16/2021
478,79264,03/02/2020
479,79237,03/02/2020
480,7075,07/26/2004
481,3909,09/14/1998
482,6982,07/26/2004
483,1451,10/09/1995
484,6572,09/14/1998
485,77994,09/16/2019
486,7016,11/15/2004
487,85247,04/11/2022
488,4996,09/23/2002
489,3103,09/23/2002
490,29968,09/08/2015
491,2641,01/07/1991
492,86540,09/26/2022
493,86562,09/26/2022
494,30392,03/07/2016
495,80193,09/14/2020
496,7054,11/15/2004
497,1951,10/09/1989
498,29442,04/20/2015
499,25617,10/12/2009
500,82608,04/12/2021
501,902,11/05/2001
502,14570,07/10/2006
503,85918,07/05/2022
504,29443,04/20/2015
505,5424,04/23/2001
506,4783,09/14/1998
507,28204,06/17/2013
508,833,07/29/1996
509,32452,09/18/2017
510,67715,08/13/2018
511,4456,09/24/2001
512,27662,10/08/2012
513,78908,02/03/2020
514,18864,01/28/2008
515,86557,09/26/2022
516,31149,10/17/2016
517,84792,02/14/2022
518,68087,10/15/2018
519,85181,04/11/2022
520,UKGTEST3,
521,UKGTEST4,
522,86517,09/26/2022
523,84780,02/14/2022
524,31655,04/17/2017
525,32414,09/18/2017
526,29446,04/20/2015
527,7011,07/26/2004
528,28205,06/17/2013
529,6092,09/26/1988
530,1632,03/02/1998
531,84796,02/14/2022
532,31685,04/17/2017
533,6953,07/26/2004
534,4191,05/27/1997
535,80198,09/14/2020
536,79300,03/02/2020
537,83291,08/14/2021
538,5867,03/14/1994
539,6033,08/11/2003
540,1021,04/23/2001
541,18299,07/30/2007
542,84293,11/08/2021
543,25903,04/20/2015
544,21241,10/13/2008
545,29369,04/20/2015
546,27667,10/08/2012
547,2623,04/23/2001
548,29366,04/20/2015
549,28593,12/15/2014
550,29979,09/08/2015
551,83477,09/13/2021
552,5552,03/02/1998
553,84788,02/14/2022
554,1014,08/11/2003
555,30052,09/08/2015
556,30408,03/07/2016
557,31666,04/17/2017
558,7007,07/26/2004
559,27675,10/08/2012
560,18625,10/29/2007
561,68128,10/15/2018
562,28149,06/17/2013
563,86514,09/26/2022
564,30409,03/07/2016
565,7117,07/26/2004
566,3987,03/16/1990
567,82576,04/12/2021
568,2141,09/23/2002
569,3988,07/01/1991
570,563,11/08/1993
571,18635,09/08/2015
572,68107,10/15/2018
573,3104,05/26/1992
574,68083,10/15/2018
575,6968,11/15/2004
576,18869,01/28/2008
577,3401,08/15/1994
578,4595,02/13/1995
579,942,09/14/1998
580,4734,04/23/2001
581,752,03/18/1985
582,748,09/23/2002
583,55,09/14/1998
584,57130,09/14/2020
585,85156,04/11/2022
586,85160,04/11/2022
587,80204,09/14/2020
588,6008,09/23/2002
589,3316,02/13/1995
590,77991,09/16/2019
591,3887,10/24/1994
592,78800,02/03/2020
593,25906,04/26/2010
594,85159,04/11/2022
595,78811,02/03/2020
596,3692,04/23/2001
597,606,11/08/1993
598,3533,05/26/1992
599,21243,10/13/2008
600,3506,07/09/1990
601,27851,12/15/2014
602,7057,07/26/2004
603,814,10/09/1995
604,2063,09/23/2002
605,76912,04/29/2019
606,7407,02/19/2008
607,18638,10/29/2007
608,18640,09/08/2015
609,82588,04/12/2021
610,27780,04/07/2015
611,68133,10/15/2018
612,6219,07/29/1996
613,77988,09/16/2019
614,1669,09/14/1998
615,79097,03/02/2020
616,68584,04/11/2022
617,86523,09/26/2022
618,67259,04/30/2018
619,30002,09/08/2015
620,29360,04/20/2015
621,5967,09/23/2002
622,84785,02/14/2022
623,27677,11/02/2009
624,68142,10/15/2018
625,77987,09/16/2019
626,84811,02/14/2022
627,78807,02/03/2020
628,26068,06/17/2013
629,25909,04/26/2010
630,17506,06/29/2007
631,1054,04/23/2001
632,76923,09/14/2020
633,19115,03/31/2008
634,80195,09/14/2020
635,60012,08/03/2020
636,5267,04/23/2001
637,19094,03/31/2008
638,4832,10/09/1989
639,84771,02/14/2022
640,6605,08/15/1994
641,1298,09/14/1998
642,6922,07/23/2007
643,6020,04/03/1995
644,83486,09/13/2021
645,25911,07/19/2021
646,5235,11/05/1979
647,79255,03/02/2020
648,1448,09/23/2002
649,4997,08/11/2003
650,5375,10/09/1995
651,528,07/29/1996
652,76899,04/29/2019
653,85167,04/11/2022
654,31139,10/17/2016
655,7044,07/26/2004
656,7096,11/15/2004
657,28219,06/17/2013
658,21224,10/13/2008
659,6048,04/23/2001
660,31857,09/26/2022
661,3564,09/14/1998
662,3566,08/15/1994
663,7004,01/16/1990
664,6103,08/15/1994
665,7013,07/26/2004
666,82564,04/12/2021
667,79279,03/02/2020
668,80230,09/14/2020
669,6498,04/24/1989
670,80187,09/14/2020
671,78861,02/03/2020
672,67248,04/30/2018
673,967,04/01/1998
674,2238,11/16/1998
675,82253,02/16/2021
676,85435,05/09/2022
677,291,03/02/1998
678,2860,12/28/1996
679,32413,09/18/2017
680,79212,03/02/2020
681,67290,04/30/2018
682,68080,10/15/2018
683,68934,04/13/2019
684,80227,09/14/2020
685,28979,05/31/2016
686,5459,08/11/2003
687,86074,07/16/2022
688,19251,04/28/2008
689,2882,04/23/2001
690,3266,10/09/1989
691,6298,01/17/1983
692,18644,10/29/2007
693,7077,07/26/2004
694,5542,08/11/2003
695,84810,02/14/2022
696,18645,10/29/2007
697,2772,09/23/2002
698,499,03/30/1998
699,31140,10/17/2016
700,25912,04/26/2010
701,28221,06/17/2013
702,29364,04/20/2015
703,83480,09/13/2021
704,78901,02/03/2020
705,83474,09/13/2021
706,2111,09/23/2002
707,6970,11/15/2004
708,18656,11/05/2007
709,14579,09/07/2006
710,5224,11/16/1992
711,80197,09/14/2020
712,766,09/14/1998
713,82591,04/12/2021
714,6560,08/11/2003
715,78862,02/03/2020
716,2191,02/13/1995
717,86531,09/26/2022
718,48375,06/07/2021
719,3640,03/02/1998
720,29101,11/03/2014
721,3685,08/11/2003
722,79253,03/02/2020
723,7046,07/26/2004
724,1614,08/15/1994
725,67263,04/30/2018
726,7150,06/28/2004
727,29367,04/20/2015
728,84799,02/14/2022
729,86499,09/26/2022
730,5471,09/23/2002
731,4963,06/09/2004
732,30365,03/07/2016
733,1002,07/29/1996
734,19154,03/31/2008
735,477,03/02/1998
736,30367,03/07/2016
737,3520,10/09/1995
738,57042,01/18/2022
739,2234,02/13/1995
740,84640,01/18/2022
741,4048,03/02/1998
742,7030,07/26/2004
743,19097,03/31/2008
744,29378,04/20/2015
745,3938,04/02/1984
746,29380,04/20/2015
747,25960,05/11/2010
748,2539,04/24/1989
749,85208,04/11/2022
750,31678,04/17/2017
751,7108,07/26/2004
752,68113,10/15/2018
753,83475,09/13/2021
754,762,09/14/1998
755,7102,11/15/2004
756,4125,04/23/2001
757,4606,04/23/2001
758,76925,04/29/2019
759,7059,07/26/2004
760,79227,03/02/2020
761,5805,10/09/1995
762,68105,10/15/2018
763,30370,03/07/2016
764,68077,10/15/2018
765,79266,03/02/2020
766,18652,10/29/2007
767,18311,07/30/2007
768,6973,11/15/2004
769,3620,08/11/2003
770,29384,10/17/2016
771,86559,09/26/2022
772,2270,04/23/2001
773,79219,03/02/2020
774,,03/04/1994
775,21256,10/13/2008
776,2009,08/11/2003
777,3446,09/23/2002
778,40481,09/26/2022
779,65619,01/06/2018
780,76924,04/29/2019
781,2194,03/02/1998
782,78815,07/30/2007
783,30373,03/07/2016
784,1445,09/23/2002
785,3965,10/18/1994
786,14583,07/10/2006
787,80202,09/14/2020
788,4908,10/13/1997
789,28225,06/17/2013
790,29675,06/15/2015
791,7006,11/15/2004
792,31697,04/17/2017
793,4158,03/02/1998
794,68074,10/15/2018
795,948,05/26/1992
796,7012,07/26/2004
797,67275,04/30/2018
798,6470,09/23/2002
799,25913,04/26/2010
800,1210,09/14/1998
801,86550,09/26/2022
802,5538,03/30/1998
803,1597,04/23/2001
804,86593,09/26/2022
805,32406,09/18/2017
806,4206,08/11/2003
807,80201,09/14/2020
808,86071,07/16/2022
809,378,09/23/2002
810,82467,03/29/2021
811,30021,09/08/2015
812,18654,10/29/2007
813,25914,04/20/2015
814,2839,10/09/1995
815,77984,01/04/2021
816,4897,02/13/1995
817,6305,09/23/2002
818,30374,03/07/2016
819,6290,03/14/1994
820,29397,04/20/2015
821,28228,04/20/2015
822,85174,04/11/2022
823,1554,02/13/1995
824,76932,04/29/2019
825,84614,01/18/2022
826,1499,09/23/2002
827,821,02/13/1995
828,5431,07/09/1990
829,5467,04/23/2001
830,83505,09/13/2021
831,21744,03/30/2009
832,6802,05/26/1992
833,4115,08/15/1994
834,2542,11/16/1992
835,6978,11/15/2004
836,3631,09/23/2002
837,86488,09/26/2022
838,80182,09/14/2020
839,29401,04/20/2015
840,5361,04/14/1997
841,86083,07/16/2022
842,2091,09/14/1998
843,17260,04/17/2017
844,83482,09/13/2021
845,30284,01/25/2016
846,31141,10/17/2016
847,86604,09/26/2022
848,4037,03/02/1998
849,1432,02/13/1995
850,31694,04/17/2017
851,7002,07/26/2004
852,30023,09/08/2015
853,80176,09/14/2020
854,7033,11/15/2004
855,30387,03/07/2016
856,5222,11/09/1998
857,15642,03/05/2007
858,32400,09/18/2017
859,65594,01/06/2018
860,84781,02/14/2022
861,29406,03/02/2020
862,68075,10/15/2018
863,68495,02/04/2019
864,85196,04/11/2022
865,25916,04/26/2010
866,6250,09/14/1998
867,27663,10/08/2012
868,50506,04/29/2019
869,4765,04/24/1989
870,5401,05/26/1992
871,65605,01/06/2018
872,86570,09/26/2022
873,86575,09/26/2022
874,29408,11/24/2016
875,3505,02/13/1995
876,68078,10/15/2018
877,82259,02/16/2021
878,5450,01/07/1991
879,3888,08/11/2003
880,68116,10/15/2018
881,85162,04/11/2022
882,6941,07/26/2004
883,5003,08/18/2003
884,5866,08/24/1989
885,78789,02/03/2020
886,31709,09/06/2007
887,28178,06/17/2013
888,77979,09/16/2019
889,6827,07/29/1996
890,79311,03/02/2020
891,18872,01/28/2008
892,29462,03/02/2020
893,30029,09/08/2015
894,86494,09/26/2022
895,429,09/23/2002
896,2040,08/11/2003
897,86489,09/26/2022
898,31667,04/17/2017
899,5448,09/04/1992
900,616,10/09/1995
901,84775,02/14/2022
902,86508,09/26/2022
903,898,09/14/1998
904,25586,10/12/2009
905,80199,09/14/2020
906,86526,09/26/2022
907,83515,09/13/2021
908,7126,11/15/2004
909,78798,02/03/2020
910,21257,03/03/2003
911,84840,02/14/2022
912,18878,01/28/2008
913,82584,04/12/2021
914,30034,09/08/2015
915,6875,04/23/2001
916,29416,04/20/2015
917,30056,09/08/2015
918,2505,11/08/1993
919,6732,09/26/1988
920,46452,04/29/2019
921,14587,07/10/2006
922,78920,02/03/2020
923,85430,05/09/2022
924,15402,05/18/1995
925,76888,04/29/2019
926,2842,07/09/1990
927,4072,12/08/2003
928,86073,07/16/2022
929,30036,09/08/2015
930,3591,09/14/1998
931,5255,01/10/1994
932,86510,09/26/2022
933,7019,11/15/2004
934,3488,03/25/1991
935,32335,09/13/2021
936,2831,08/11/2003
937,67866,09/26/2022
938,6971,11/15/2004
939,44118,05/09/2022
940,21259,10/13/2008
941,3952,06/17/1991
942,6653,11/05/2001
943,6660,11/05/2001
944,67548,06/25/2018
945,42674,09/26/2022
946,85179,04/11/2022
947,31147,10/17/2016
948,77985,09/16/2019
949,18880,01/28/2008
950,6569,04/23/2001
951,85243,04/11/2022
952,85257,04/11/2022
953,68081,10/15/2018
954,869,03/02/1998
955,4602,10/09/1989
956,82579,04/12/2021
957,1611,05/27/1997
958,2245,03/25/1991
959,19102,03/31/2008
960,2226,09/14/1998
961,4823,02/13/1995
962,86603,09/26/2022
963,85170,04/11/2022
964,21748,03/30/2009
965,86605,09/26/2022
966,2201,10/09/1995
967,67252,04/30/2018
968,79305,03/02/2020
969,25612,10/12/2009
970,83510,09/13/2021
971,1022,08/11/2003
972,86546,09/26/2022
973,67932,09/26/2022
974,86535,09/26/2022
975,67273,04/30/2018
976,5517,03/02/1998
977,4982,04/22/1996
978,4784,08/11/2003
979,86509,09/26/2022
980,84777,02/14/2022
981,1550,04/23/2001
982,86483,09/26/2022
983,5493,04/24/1989
984,79288,04/12/2021
985,2097,09/14/1998
986,86577,09/26/2022
987,84630,01/18/2022
988,454,08/18/2003
989,182,02/13/1995
990,77043,04/29/2019
991,76891,04/29/2019
992,977,04/20/1996
993,81489,11/23/2020
994,3656,05/27/1997
995,86607,09/26/2022
996,25589,12/01/2008
997,6964,11/15/2004
998,18660,10/29/2007
999,3598,04/23/2001
1000,30039,09/08/2015
1001,78736,02/03/2020
1002,84825,02/14/2022
1003,29423,04/20/2015
1004,14588,07/10/2006
1005,21232,10/13/2008
1006,68121,10/15/2018
1007,32445,09/18/2017
1008,19121,03/31/2008
1009,1383,02/13/1995
1010,6166,09/23/2002
1011,83478,09/13/2021
1012,44782,04/29/2019
1013,80232,09/14/2020
1014,4770,04/07/1986
1015,4772,07/09/1990
1016,4954,03/30/1998
1017,82593,09/26/2022
1018,3696,07/29/1996
1019,86573,09/26/2022
1020,71221,04/29/2019
1021,86487,09/26/2022
1022,68115,10/15/2018
1023,65608,01/06/2018
1024,4893,09/23/2002
1025,2769,09/14/1998
1026,86497,09/26/2022
1027,150,03/02/1998
1028,2813,02/13/1995
1029,30043,09/08/2015
1030,1936,08/07/1989
1031,82581,04/12/2021
1032,7133,11/15/2004
1033,4878,11/08/1993
1034,86495,09/26/2022
1035,29426,04/20/2015
1036,999,09/14/1998
1037,86601,09/26/2022
1038,5520,02/13/1995
1039,30421,03/07/2016
1040,1569,07/29/1996
1041,30423,03/07/2016
1042,85205,04/11/2022
1043,83497,09/13/2021
1044,86530,09/26/2022
1045,3471,03/30/1998
1046,79215,03/02/2020
1047,28183,06/17/2013
1048,683,05/26/1992
1049,5254,02/13/1995
1050,4933,06/08/2004
1051,25917,04/26/2010
1052,65598,01/06/2018
1053,86576,09/26/2022
1054,18920,01/28/2008
1055,3583,11/05/2001
1056,27157,01/09/2012
1057,18921,01/28/2008
1058,1606,08/11/2003
1059,154,07/29/1996
1060,79294,03/02/2020
1061,4129,11/16/1992
1062,944,04/03/1995
1063,85193,04/11/2022
1064,3422,04/24/1989
1065,1886,03/02/1998
1066,76920,04/29/2019
1067,7043,07/26/2004
1068,29428,04/20/2015
1069,18304,07/30/2007
1070,30411,03/07/2016
1071,3494,04/23/2001
1072,83281,08/14/2021
1073,7005,07/26/2004
1074,21750,03/30/2009
1075,4167,02/13/1995
1076,52578,04/29/2019
1077,28184,06/17/2013
1078,31131,10/17/2016
1079,2137,09/23/2002
1080,4612,05/31/1994
1081,3841,08/30/1993
1082,28412,11/18/2013
1083,67285,04/30/2018
1084,4088,07/29/1996
1085,80175,09/14/2020
1086,21233,10/13/2008
1087,68114,10/15/2018
1088,67670,08/06/2018
1089,86491,09/26/2022
1090,86568,09/26/2022
1091,28191,06/22/2014
1092,31651,09/26/2022
1093,29432,04/20/2015
1094,79313,03/02/2020
1095,29972,03/07/2016
1096,4213,09/14/1998
1097,29434,04/20/2015
1098,29973,09/08/2015
1099,65615,01/06/2018
1100,78883,02/03/2020
1101,4905,03/02/1998
1102,82256,02/16/2021
1103,7123,07/26/2004
1104,18663,10/29/2007
1105,28192,06/17/2013
1106,5349,07/29/1996
1107,5435,04/23/2001
1108,7045,07/26/2004
1109,86504,09/26/2022
1110,3418,09/23/2002
1111,3684,09/14/1998
1112,3996,07/29/1996
1113,77946,09/16/2019
1114,5428,11/08/1993
1115,78924,02/03/2020
1116,797,07/29/1996
1117,28195,06/17/2013
1118,2812,04/23/2001
1119,6013,08/11/2003
1120,1900,09/14/1998
1121,2069,07/15/1993
1122,82580,09/26/2022
1123,4869,07/29/1996
1124,15258,02/24/1995
1125,6165,04/23/2001
1126,79299,03/02/2020
1127,2822,02/13/1995
1128,86500,09/26/2022
1129,2042,08/15/1994
1130,1564,09/14/1998
1131,31134,10/17/2016
1132,85214,04/11/2022
1133,84805,02/14/2022
1134,85155,04/11/2022
1135,2815,10/09/1995
1136,86484,09/26/2022
1137,77981,09/16/2019
1138,28198,06/17/2013
1139,86561,09/26/2022
1140,85891,06/21/2022
1141,83294,09/26/2022
1142,31136,10/17/2016
1143,85263,04/11/2022
1144,29438,04/20/2015
1145,4162,03/02/1998
1146,83547,09/13/2021
1147,4172,09/23/2002
1148,27673,10/08/2012
1149,80177,09/14/2020
1150,84790,02/14/2022
1151,78650,03/05/2008
1152,5807,05/27/1997
1153,21751,03/30/2009
1154,980,05/06/1994
1155,292,09/14/1998
1156,6308,03/02/1998
1157,788,03/02/1998
1158,86524,09/26/2022
1159,31661,04/03/2018
1160,4915,09/23/2002
1161,68097,10/15/2018
1162,6900,08/11/2003
1163,25590,10/12/2009
1164,4490,02/01/1999
1165,30416,03/07/2016
1166,3390,09/14/1998
1167,82255,02/16/2021
1168,76904,04/29/2019
1169,3932,07/29/1996
1170,330,11/05/2001
1171,4197,09/23/2002
1172,68086,10/15/2018
1173,30366,03/07/2016
1174,28208,06/17/2013
1175,30369,03/07/2016
1176,1923,10/09/1995
1177,6263,09/23/2002
1178,17622,07/09/2007
1179,2004,05/27/1997
1180,85274,04/11/2022
1181,25620,10/12/2009
1182,21263,10/13/2008
1183,2792,05/26/1992
1184,82570,04/12/2021
1185,6128,11/05/2001
1186,6406,02/13/1995
1187,6942,07/26/2004
1188,86511,09/26/2022
1189,78737,02/03/2020
1190,65606,01/06/2018
1191,6879,04/23/2001
1192,30372,03/07/2016
1193,65617,01/06/2018
1194,2249,09/28/1994
1195,85149,04/11/2022
1196,6457,09/23/2002
1197,85264,04/11/2022
1198,84795,02/14/2022
1199,80192,09/14/2020
1200,576,03/02/1998
1201,29440,09/01/2015
1202,52106,04/29/2019
1203,7081,07/26/2004
1204,84802,02/14/2022
1205,29441,04/20/2015
1206,65609,01/06/2018
1207,7060,12/16/1999
1208,3667,09/14/1998
1209,25920,04/26/2010
1210,14582,07/10/2006
1211,18665,10/29/2007
1212,6364,04/22/1996
1213,86560,09/26/2022
1214,51324,05/09/2022
1215,7121,07/26/2004
1216,7106,07/26/2004
1217,7047,07/26/2004
1218,6997,07/26/2004
1219,31668,04/17/2017
1220,30375,03/07/2016
1221,29983,09/08/2015
1222,32402,09/18/2017
1223,31157,10/17/2016
1224,1026,04/23/2001
1225,1577,08/11/2003
1226,5875,05/27/1997
1227,86507,09/26/2022
1228,529,07/29/1996
1229,25921,04/26/2010
1230,68186,10/15/2018
1231,80183,09/14/2020
1232,3783,03/18/1985
1233,27689,10/08/2012
1234,40752,04/12/2021
1235,28212,06/17/2013
1236,21752,03/30/2009
1237,18294,07/30/2007
1238,183,08/11/2003
1239,19113,06/01/2001
1240,68082,10/15/2018
1241,78886,02/03/2020
1242,68135,10/15/2018
1243,498,09/23/2002
1244,52573,04/29/2019
1245,31180,10/17/2016
1246,67713,08/13/2018
1247,2929,07/29/1996
1248,6723,11/05/2001
1249,79292,03/02/2020
1250,18922,01/28/2008
1251,706,03/18/1985
1252,28732,04/20/2015
1253,29989,09/08/2015
1254,4023,09/26/1988
1255,67254,04/30/2018
1256,19132,03/31/2008
1257,5403,07/29/1996
1258,866,08/16/1991
1259,57968,09/13/2021
1260,82258,02/16/2021
1261,19158,03/31/2008
1262,6047,03/02/1998
1263,3695,09/14/1998
1264,6150,04/24/1989
1265,15494,01/22/2008
1266,29991,09/08/2015
1267,65613,01/06/2018
1268,4978,10/09/1995
1269,3877,01/20/1987
1270,63146,04/11/2022
1271,29993,09/08/2015
1272,80226,09/14/2020
1273,4862,11/16/1992
1274,85244,04/11/2022
1275,5842,08/11/2003
1276,80179,09/14/2020
1277,4094,09/23/2002
1278,86567,09/26/2022
1279,2788,11/08/1993
1280,84791,02/14/2022
1281,18900,01/28/2008
1282,19048,02/14/2009
1283,1505,12/16/1998
1284,86547,09/26/2022
1285,85642,05/16/1988
1286,25591,10/12/2009
1287,237,03/18/1985
1288,78885,02/03/2020
1289,79312,03/02/2020
1290,78925,02/03/2020
1291,30379,03/07/2016
1292,68090,10/15/2018
1293,86544,09/26/2022
1294,6349,05/27/1997
1295,7088,11/15/2004
1296,6996,11/15/2004
1297,,
1298,6155,11/16/1992
1299,6096,02/13/1995
1300,79393,03/02/2020
1301,31172,10/17/2016
1302,19118,03/31/2008
1303,6888,04/22/1996
1304,68497,10/11/2021
1305,84784,02/14/2022
1306,7090,07/26/2004
1307,86513,09/26/2022
1308,3619,04/13/1998
1309,67265,04/30/2018
1310,29996,09/08/2015
1311,4560,04/11/1983
1312,84793,02/14/2022
1313,25923,04/26/2010
1314,25857,03/07/2016
1315,86498,09/26/2022
1316,18666,10/29/2007
1317,31696,04/17/2017
1318,86086,07/16/2022
1319,4730,09/14/1998
1320,5512,03/02/1998
1321,19135,03/31/2008
1322,85148,04/11/2022
1323,7052,07/26/2004
1324,31653,04/17/2017
1325,6277,09/23/2002
1326,2146,08/18/2003
1327,18924,01/28/2008
1328,85241,04/11/2022
1329,78863,02/03/2020
1330,2895,09/23/2002
1331,14867,10/09/2006
1332,5451,03/02/1998
1333,18669,10/29/2007
1334,671,09/14/1998
1335,29363,04/20/2015
1336,18670,10/29/2007
1337,67488,11/25/2019
1338,18667,11/05/2007
1339,84774,02/14/2022
1340,18629,10/29/2007
1341,29365,04/20/2015
1342,7031,07/26/2004
1343,31674,04/17/2017
1344,87681,11/07/2022
1345,3654,03/02/1998
1346,21267,10/13/2008
1347,30005,09/08/2015
1348,2726,09/16/1985
1349,86518,09/26/2022
1350,83533,09/26/2022
1351,79301,03/02/2020
1352,4032,07/15/2002
1353,83555,09/13/2021
1354,21760,03/30/2009
1355,6962,07/26/2004
1356,4741,02/19/1996
1357,4036,07/28/2003
1358,82252,02/16/2021
1359,76889,09/26/2022
1360,76886,06/21/2022
1361,6999,11/15/2004
1362,21268,10/13/2008
1363,1381,04/23/2001
1364,21761,03/30/2009
1365,1494,01/07/1991
1366,6496,11/29/1996
1367,17492,06/27/2007
1368,25924,04/26/2010
1369,4200,09/14/1998
1370,79394,03/02/2020
1371,86545,09/26/2022
1372,25925,04/26/2010
1373,27660,10/08/2012
1374,77973,09/16/2019
1375,3638,03/02/1998
1376,84803,02/14/2022
1377,86512,09/26/2022
1378,18673,10/29/2007
1379,82595,04/12/2021
1380,83498,09/13/2021
1381,77982,09/16/2019
1382,78795,02/03/2020
1383,84783,02/14/2022
1384,1023,04/23/2001
1385,78814,02/03/2020
1386,3543,05/26/1992
1387,1025,03/02/1998
1388,4229,03/02/1998
1389,5964,09/23/2002
1390,3790,04/07/1986
1391,29370,04/20/2015
1392,31176,10/17/2016
1393,68187,10/15/2018
1394,68125,10/15/2018
1395,4992,04/23/2001
1396,2213,05/26/1992
1397,4810,09/14/1998
1398,32454,11/07/2022
1399,2615,08/18/2003
1400,21764,03/30/2009
1401,68129,10/15/2018
1402,2751,08/11/2003
1403,402,03/02/1998
1404,18674,10/29/2007
1405,30006,09/08/2015
1406,2832,10/23/1989
1407,6428,03/02/1998
1408,86600,09/26/2022
1409,31659,04/17/2017
1410,78791,02/03/2020
1411,78872,02/03/2020
1412,29372,04/20/2015
1413,67262,04/30/2018
1414,6983,07/26/2004
1415,494,08/11/2003
1416,4550,04/02/1984
1417,3966,04/23/2001
1418,27707,10/08/2012
1419,3574,02/13/1995
1420,2826,04/23/2001
1421,83511,09/13/2021
1422,29374,04/20/2015
1423,85229,04/11/2022
1424,257,09/14/1998
1425,80178,09/14/2020
1426,29376,04/20/2015
1427,6158,09/23/2002
1428,85152,04/11/2022
1429,21769,03/30/2009
1430,50946,04/30/2018
1431,30007,09/08/2015
1432,2704,09/23/2002
1433,3650,05/17/2004
1434,83532,09/13/2021
1435,5539,03/02/1998
1436,3497,03/05/1990
1437,57380,05/09/2022
1438,14733,06/25/2007
1439,1304,09/14/1998
1440,2263,09/14/1998
1441,25607,10/12/2009
1442,19120,03/31/2008
1443,491,10/09/1995
1444,30008,09/08/2015
1445,56933,09/13/2021
1446,2705,10/09/1995
1447,18675,10/29/2007
1448,79295,03/02/2020
1449,5185,11/08/1993
1450,6974,07/26/2004
1451,2897,09/14/1998
1452,79291,03/02/2020
1453,5868,07/29/1996
1454,82257,02/16/2021
1455,48417,09/14/2020
1456,5502,04/23/2001
1457,85258,04/11/2022
1458,67777,09/04/2018
1459,2902,10/09/1995
1460,30015,09/08/2015
1461,6130,03/02/1998
1462,715,09/16/1991
1463,82264,10/24/2022
1464,78802,02/03/2020
1465,6161,04/23/2001
1466,85242,04/11/2022
1467,6371,09/23/2002
1468,14572,07/10/2006
1469,31158,10/17/2016
1470,4975,09/23/2002
1471,84798,02/14/2022
1472,30018,09/08/2015
1473,30391,03/07/2016
1474,2656,08/15/1994
1475,6990,01/16/2002
1476,1373,09/14/1998
1477,18677,10/29/2007
1478,78809,02/03/2020
1479,67572,08/17/2020
1480,77975,09/16/2019
1481,31156,10/17/2016
1482,1553,09/14/1998
1483,80196,09/14/2020
1484,2820,05/01/1991
1485,68124,10/15/2018
1486,17490,06/25/2007
1487,6725,04/24/1989
1488,18928,01/28/2008
1489,86595,09/26/2022
1490,36,02/13/1995
1491,27921,04/20/2015
1492,79397,03/02/2020
1493,68076,03/09/2019
1494,5568,08/11/2003
1495,86594,09/26/2022
1496,27672,10/08/2012
1497,2244,03/02/1998
1498,32153,07/10/2017
1499,1528,03/02/1998
1500,3576,11/17/2003
1501,68496,02/04/2019
1502,68524,02/04/2019
1503,6630,04/23/2001
1504,31159,10/17/2016
1505,7105,11/15/2004
1506,1555,11/08/1993
1507,30027,03/02/2020
1508,86555,09/26/2022
1509,19124,03/31/2008
1510,19140,03/31/2008
1511,4857,05/26/1992
1512,83529,09/13/2021
1513,28224,06/17/2013
1514,6143,09/23/2002
1515,85255,04/11/2022
1516,55616,04/11/2022
1517,2207,07/29/1996
1518,83,09/23/2002
1519,341,03/02/1998
1520,83528,09/13/2021
1521,15648,03/05/2007
1522,4171,02/13/1995
1523,7085,06/15/2004
1524,3496,05/26/1992
1525,29393,04/20/2015
1526,30033,09/08/2015
1527,25600,10/12/2009
1528,2747,08/15/1994
1529,80189,09/14/2020
1530,31177,10/17/2016
1531,18678,10/29/2007
1532,86563,09/26/2022
1533,19159,03/31/2008
1534,4163,09/23/2002
1535,79297,03/02/2020
1536,6957,11/15/2004
1537,14857,10/12/2006
1538,809,09/14/1998
1539,6157,01/27/2003
1540,29396,04/20/2015
1541,56464,04/12/2021
1542,27690,10/08/2012
1543,79296,03/02/2020
1544,5909,11/05/2001
1545,86519,09/26/2022
1546,7142,07/26/2004
1547,25621,10/12/2009
1548,85269,04/11/2022
1549,5475,10/09/1995
1550,5779,07/29/1996
1551,6988,07/26/2004
1552,67256,04/30/2018
1553,30395,03/07/2016
1554,86552,09/26/2022
1555,68106,10/15/2018
1556,68100,10/15/2018
1557,25601,10/12/2009
1558,1981,10/09/1995
1559,83530,09/13/2021
1560,31155,10/17/2016
1561,29400,04/20/2015
1562,4944,03/02/1998
1563,7143,06/10/2004
1564,953,07/29/1996
1565,954,11/16/1992
1566,951,03/02/1998
1567,5551,09/14/1998
1568,7141,07/26/2004
1569,80170,09/14/2020
1570,7061,11/15/2004
1571,4061,07/23/1984
1572,3565,04/23/2001
1573,2079,02/13/1995
1574,18685,11/05/2007
1575,7073,07/26/2004
1576,86486,09/26/2022
1577,1388,04/07/1986
1578,85238,04/11/2022
1579,29405,04/20/2015
1580,76936,04/29/2019
1581,6326,09/14/1998
1582,UKGTEST125,
1583,19141,03/31/2008
1584,30290,01/25/2016
1585,76910,04/29/2019
1586,4958,10/09/1995
1587,19142,03/31/2008
1588,910,05/08/1989
1589,76878,04/29/2019
1590,84772,02/14/2022
1591,3354,11/26/1984
1592,85206,04/11/2022
1593,68108,10/15/2018
1594,29407,04/20/2015
1595,6411,05/26/1992
1596,86572,09/26/2022
1597,6499,03/02/1998
1598,922,07/09/1990
1599,4315,09/27/1999
1600,6487,09/23/2002
1601,67716,08/13/2018
1602,5213,07/29/1996
1603,86506,09/26/2022
1604,86532,09/26/2022
1605,4166,04/03/1995
1606,31683,04/12/2021
1607,7139,03/17/1997
1608,83306,08/14/2021
1609,28230,06/17/2013
1610,1964,09/14/1998
1611,31171,10/17/2016
1612,422,11/05/2001
1613,9137,04/17/2017
1614,76929,04/29/2019
1615,78062,09/30/2019
1616,14566,07/10/2006
1617,40256,09/13/2021
1618,68184,10/15/2018
1619,6135,03/02/1998
1620,68134,10/15/2018
1621,31671,04/17/2017
1622,30397,03/07/2016
1623,29414,04/20/2015
1624,67258,04/30/2018
1625,4605,08/15/1994
1626,1538,07/31/1995
1627,58117,04/29/2019
1628,3327,11/14/2016
1629,68099,10/15/2018
1630,83526,09/13/2021
1631,2257,09/14/1998
1632,6273,09/14/1998
1633,30046,09/08/2015
1634,333,10/09/1995
1635,86505,09/26/2022
1636,,03/04/1994
1637,83503,09/13/2021
1638,6334,10/09/1995
1639,7069,07/26/2004
1640,30399,03/07/2016
1641,2866,11/16/1992
1642,5323,09/14/1998
1643,5959,11/05/2001
1644,5449,03/02/1998
1645,3197,02/13/1995
1646,5290,10/09/1989
1647,80191,09/14/2020
1648,77977,09/16/2019
1649,7120,07/26/2004
1650,21250,10/13/2008
1651,1426,11/08/1993
1652,139,05/07/2001
1653,67271,09/14/2020
1654,78859,02/03/2020
1655,84778,02/14/2022
1656,3348,04/02/1984
1657,3687,08/11/2003
1658,4083,01/20/1997
1659,53323,09/13/2021
1660,4717,09/14/1998
1661,2928,01/13/1997
1662,82606,04/12/2021
1663,1955,04/17/1986
1664,1941,03/02/1998
1665,86068,07/16/2022
1666,18686,11/05/2007
1667,30048,09/08/2015
1668,30049,09/08/2015
1669,29418,04/20/2015
1670,86536,09/26/2022
1671,7082,07/26/2004
1672,79228,03/02/2020
1673,76907,04/29/2019
1674,86516,09/26/2022
1675,3674,09/14/1998
1676,7064,06/14/2004
1677,25614,10/12/2009
1678,78853,03/02/2020
1679,86608,09/26/2022
1680,86551,09/26/2022
1681,86522,09/26/2022
1682,32401,09/18/2017
1683,6206,08/11/2003
1684,76908,04/29/2019
1685,79307,03/02/2020
1686,83394,09/26/2022
1687,82596,04/12/2021
1688,31583,09/14/2020
1689,6655,04/21/2003
1690,6632,10/01/1993
1691,170,03/02/1998
1692,79293,03/02/2020
1693,3683,11/08/1999
1694,29420,04/20/2015
1695,2855,09/23/2002
1696,4956,12/29/2003
1697,21251,10/13/2008
1698,86481,09/26/2022
1699,32456,09/18/2017
1700,46811,09/26/2022
1701,19133,12/10/2006
1702,79216,03/02/2020
1703,19136,03/31/2008
1704,1357,10/09/1995
1705,2215,05/11/2000
1706,30050,09/08/2015
1707,152,09/01/2000
1708,996,08/15/1994
1709,4947,09/23/2002
1710,86537,09/26/2022
1711,83060,07/19/2021
1712,29422,04/20/2015
1713,14561,07/10/2006
1714,28550,07/28/2014
1715,29421,04/20/2015
1716,68132,10/15/2018
1717,86529,09/26/2022
1718,84800,02/14/2022
1719,29424,04/20/2015
1720,5755,04/23/2001
1721,21923,03/07/2016
1722,84838,02/14/2022
1723,29427,04/20/2015
1724,21759,03/30/2009
1725,1666,11/04/2002
1726,4127,09/14/1998
1727,1930,10/09/1995
1728,83527,09/13/2021
1729,31691,04/17/2017
1730,25581,10/12/2009
1731,3910,07/09/1990
1732,4131,05/26/1992
1733,978,07/29/1996
1734,18931,01/28/2008
1735,29429,04/20/2015
1736,6945,03/03/1997
1737,6985,07/26/2004
1738,79310,03/02/2020
1739,975,03/02/1998
1740,738,08/15/1994
1741,863,11/16/1992
1742,115,04/23/2001
1743,82746,06/07/2021
1744,28233,06/17/2013
1745,6678,04/22/1996
1746,82571,09/26/2022
1747,78864,02/03/2020
1748,956,02/13/1995
1749,25615,10/12/2009
1750,31660,09/16/2019
1751,1277,09/11/2000
1752,2239,07/29/1996
1753,13096,10/12/2009
1754,19138,03/31/2008
1755,6943,07/26/2004
1756,14564,07/10/2006
1757,25608,06/04/2010
1758,19139,03/31/2008
1759,67717,08/13/2018
1760,29431,04/20/2015
1761,68144,10/15/2018
